Name,Math,Python,DBMS,English,Total
Rahul,78,85,72,80,315
Priya,92,88,95,90,365
Arjun,65,74,68,71,278
Sneha,88,91,84,87,350
Kiran,76,82,79,75,312
Anjali,95,93,97,91,376
Rohit,69,77,73,80,299
Pooja,84,86,89,82,341
Vikram,72,68,75,70,285
Divya,90,94,88,92,364
Sanjay,81,79,85,76,321
Kavya,87,90,92,85,354
Nikhil,63,71,67,74,275
Meghana,93,89,96,94,372
Harsha,85,78,81,88,332
Swathi,79,83,77,80,319
Aditya,91,87,90,86,354
Neha,74,76,82,78,310
Karthik,68,72,70,75,285
Shreya,96,95,91,93,375
Manoj,77,69,74,72,292
Aishwarya,89,92,87,90,358
Pavan,70,81,76,68,295
Riya,94,90,93,89,366
Charan,82,75,79,84,320
Lakshmi,86,88,91,87,352
Varun,73,79,68,76,296
Sahana,91,93,89,95,368
Rahul,80,84,78,82,324
Priya,97,96,94,98,385